"Refs","Value","Footprint","Qty","DNP"
"C2","10uF","SlowLFO:CP_Radial_D5.0mm_P2.00mm_CenterLabel","1",""
"C3","10uF","SlowLFO:CP_Radial_D5.0mm_P2.00mm_CenterLabel","1",""
"C4","10uF","SlowLFO:CP_Radial_D5.0mm_P2.00mm_CenterLabel","1",""
"C5","10uF","SlowLFO:CP_Radial_D5.0mm_P2.00mm_CenterLabel","1",""
"C6","100nF","SlowLFO:C_Disc_D5.0mm_W2.5mm_P5.00mm_CenterLabel","1",""
"C7","100nF","SlowLFO:C_Disc_D5.0mm_W2.5mm_P5.00mm_CenterLabel","1",""
"C8","10uF","SlowLFO:CP_Radial_D5.0mm_P2.00mm_CenterLabel","1",""
"C9","2u2 X7R 25V","SlowLFO:C410_Aximax_Axial_Vertical_P2.50mm_HandFormed","1",""
"C11","0.33F 9V","SlowLFO:SCMR14L334SRBB0","1",""
"D1","1N5819","Diode_THT:D_DO-41_SOD81_P2.54mm_Vertical_AnodeUp","1",""
"D2","1N5819","Diode_THT:D_DO-41_SOD81_P2.54mm_Vertical_AnodeUp","1",""
"D3","1N5819","Diode_THT:D_DO-41_SOD81_P2.54mm_Vertical_AnodeUp","1",""
"ENC1","A/B/C plus switch","Rotary_Encoder:RotaryEncoder_Alps_EC11E-Switch_Vertical_H20mm_CircularMountingHoles","1",""
"J1","10pin IDC keyed","Connector_IDC:IDC-Header_2x05_P2.54mm_Latch_Vertical","1",""
"J2","Jack_3.5mm_QingPu_WQP-PJ398SM_Vertical_CircularHoles","SlowLFO:Jack_3.5mm_QingPu_WQP-PJ398SM_Vertical_CircularHoles_J2","1",""
"J3","Jack_3.5mm_QingPu_WQP-PJ398SM_Vertical_CircularHoles","SlowLFO:Jack_3.5mm_QingPu_WQP-PJ398SM_Vertical_CircularHoles_J3","1",""
"J4","Jack_3.5mm_QingPu_WQP-PJ398SM_Vertical_CircularHoles","SlowLFO:Jack_3.5mm_QingPu_WQP-PJ398SM_Vertical_CircularHoles_J4","1",""
"R1","3k3","SlowLFO:R_Axial_DIN0207_L6.3mm_D2.5mm_P5.08mm_Vertical_CenterLabel","1",""
"R2","3k3","SlowLFO:R_Axial_DIN0207_L6.3mm_D2.5mm_P5.08mm_Vertical_CenterLabel","1",""
"R3","12k","SlowLFO:R_Axial_DIN0207_L6.3mm_D2.5mm_P5.08mm_Vertical_CenterLabel","1",""
"R4","5k76","SlowLFO:R_Axial_DIN0207_L6.3mm_D2.5mm_P5.08mm_Vertical_CenterLabel","1",""
"R5","330R","SlowLFO:R_Axial_DIN0207_L6.3mm_D2.5mm_P5.08mm_Vertical_CenterLabel","1",""
"R6","3k3","SlowLFO:R_Axial_DIN0207_L6.3mm_D2.5mm_P5.08mm_Vertical_CenterLabel","1",""
"R7","3k3","SlowLFO:R_Axial_DIN0207_L6.3mm_D2.5mm_P5.08mm_Vertical_CenterLabel","1",""
"R8","12k","SlowLFO:R_Axial_DIN0207_L6.3mm_D2.5mm_P5.08mm_Vertical_CenterLabel","1",""
"R9","5k76","SlowLFO:R_Axial_DIN0207_L6.3mm_D2.5mm_P5.08mm_Vertical_CenterLabel","1",""
"R10","330R","SlowLFO:R_Axial_DIN0207_L6.3mm_D2.5mm_P5.08mm_Vertical_CenterLabel","1",""
"R11","12k","SlowLFO:R_Axial_DIN0207_L6.3mm_D2.5mm_P5.08mm_Vertical_CenterLabel","1",""
"R12","5k76","SlowLFO:R_Axial_DIN0207_L6.3mm_D2.5mm_P5.08mm_Vertical_CenterLabel","1",""
"R13","330R","SlowLFO:R_Axial_DIN0207_L6.3mm_D2.5mm_P5.08mm_Vertical_CenterLabel","1",""
"R14","10k5","SlowLFO:R_Axial_DIN0207_L6.3mm_D2.5mm_P2.54mm_Vertical_CenterLabel","1",""
"R15","30k1","SlowLFO:R_Axial_DIN0207_L6.3mm_D2.5mm_P2.54mm_Vertical_CenterLabel","1",""
"R16","3k3","SlowLFO:R_Axial_DIN0207_L6.3mm_D2.5mm_P2.54mm_Vertical_CenterLabel","1",""
"R18","10R >=3W pulse","SlowLFO:ChargeResistor_3W","1",""
"R19","10k","SlowLFO:R_Axial_DIN0207_L6.3mm_D2.5mm_P2.54mm_Vertical_CenterLabel","1",""
"R20","10k","SlowLFO:R_Axial_DIN0207_L6.3mm_D2.5mm_P2.54mm_Vertical_CenterLabel","1",""
"R21","10k","SlowLFO:R_Axial_DIN0207_L6.3mm_D2.5mm_P2.54mm_Vertical_CenterLabel","1",""
"R22","10k","SlowLFO:R_Axial_DIN0207_L6.3mm_D2.5mm_P2.54mm_Vertical_CenterLabel","1",""
"U1","RP2350-Matrix","SlowLFO:RP2350-Matrix_8x8_THT","1",""
"U2","R-78B5.0-1.0","SlowLFO:RECOM_R78B5.0_Rear","1",""
"U3","TL074","Package_DIP:DIP-14_W7.62mm","1",""
